[{"pk": 1, "model": "contenttypes.contenttype", "fields": {"model": "permission", "name": "permission", "app_label": "auth"}}, {"pk": 2, "model": "contenttypes.contenttype", "fields": {"model": "group", "name": "group", "app_label": "auth"}}, {"pk": 3, "model": "contenttypes.contenttype", "fields": {"model": "user", "name": "user", "app_label": "auth"}}, {"pk": 4, "model": "contenttypes.contenttype", "fields": {"model": "contenttype", "name": "content type", "app_label": "contenttypes"}}, {"pk": 5, "model": "contenttypes.contenttype", "fields": {"model": "session", "name": "session", "app_label": "sessions"}}, {"pk": 6, "model": "contenttypes.contenttype", "fields": {"model": "site", "name": "site", "app_label": "sites"}}, {"pk": 7, "model": "contenttypes.contenttype", "fields": {"model": "migrationhistory", "name": "migration history", "app_label": "south"}}, {"pk": 8, "model": "contenttypes.contenttype", "fields": {"model": "logentry", "name": "log entry", "app_label": "admin"}}, {"pk": 9, "model": "contenttypes.contenttype", "fields": {"model": "groceryitem", "name": "grocery item", "app_label": "core"}}, {"pk": 10, "model": "contenttypes.contenttype", "fields": {"model": "list", "name": "list", "app_label": "core"}}, {"pk": 11, "model": "contenttypes.contenttype", "fields": {"model": "listitem", "name": "list item", "app_label": "core"}}, {"pk": "0vc9857fboigx7v3nfz5imcfnvp8kxmj", "model": "sessions.session", "fields": {"expire_date": "2014-09-15T16:26:03.836Z", "session_data": "MWUxMTZkZjJiMWIxYmU2MjNiZGFhOTA1NzAzNWU2YWJkNDU0OGFmNjp7fQ=="}}, {"pk": "3ayaukwyrzcg7wa76o6zlkz4fast3vnc", "model": "sessions.session", "fields": {"expire_date": "2014-09-15T16:26:03.842Z", "session_data": "MWUxMTZkZjJiMWIxYmU2MjNiZGFhOTA1NzAzNWU2YWJkNDU0OGFmNjp7fQ=="}}, {"pk": "x4fm39bti3vxh4ess5hty6cq6gacd38i", "model": "sessions.session", "fields": {"expire_date": "2014-09-15T16:26:03.830Z", "session_data": "MWUxMTZkZjJiMWIxYmU2MjNiZGFhOTA1NzAzNWU2YWJkNDU0OGFmNjp7fQ=="}}, {"pk": 1, "model": "sites.site", "fields": {"domain": "example.com", "name": "example.com"}}, {"pk": 1, "model": "south.migrationhistory", "fields": {"applied": "2014-09-01T16:24:30.084Z", "app_name": "core", "migration": "0001_initial"}}, {"pk": 2, "model": "south.migrationhistory", "fields": {"applied": "2014-09-01T16:24:30.090Z", "app_name": "core", "migration": "0002_auto__add_field_groceryitem_favorit"}}, {"pk": 3, "model": "south.migrationhistory", "fields": {"applied": "2014-09-01T16:24:30.099Z", "app_name": "core", "migration": "0003_auto__add_field_listitem_items"}}, {"pk": 1, "model": "core.groceryitem", "fields": {"price": 0.0, "favorit": false, "unit": 2, "title": "Apples"}}, {"pk": 2, "model": "core.groceryitem", "fields": {"price": 0.0, "favorit": false, "unit": 2, "title": "Oil"}}, {"pk": 3, "model": "core.groceryitem", "fields": {"price": 0.0, "favorit": false, "unit": 2, "title": "Bread"}}, {"pk": 4, "model": "core.groceryitem", "fields": {"price": 0.0, "favorit": false, "unit": 2, "title": "Lettuce"}}, {"pk": 5, "model": "core.groceryitem", "fields": {"price": 0.0, "favorit": false, "unit": 2, "title": "Spinach"}}, {"pk": 6, "model": "core.groceryitem", "fields": {"price": 0.0, "favorit": false, "unit": 2, "title": "Carrots"}}, {"pk": 7, "model": "core.groceryitem", "fields": {"price": 0.0, "favorit": false, "unit": 2, "title": "Cucumber"}}, {"pk": 8, "model": "core.groceryitem", "fields": {"price": 0.0, "favorit": false, "unit": 2, "title": "Tomatoes"}}, {"pk": 9, "model": "core.groceryitem", "fields": {"price": 0.0, "favorit": false, "unit": 2, "title": "Peppers"}}, {"pk": 10, "model": "core.groceryitem", "fields": {"price": 0.0, "favorit": false, "unit": 2, "title": "Onion"}}, {"pk": 11, "model": "core.groceryitem", "fields": {"price": 0.0, "favorit": false, "unit": 2, "title": "Mushrooms"}}, {"pk": 12, "model": "core.groceryitem", "fields": {"price": 0.0, "favorit": false, "unit": 2, "title": "Avocado"}}, {"pk": 13, "model": "core.groceryitem", "fields": {"price": 0.0, "favorit": false, "unit": 2, "title": "Potato"}}, {"pk": 14, "model": "core.groceryitem", "fields": {"price": 0.0, "favorit": false, "unit": 2, "title": "Berries"}}, {"pk": 15, "model": "core.groceryitem", "fields": {"price": 0.0, "favorit": false, "unit": 2, "title": "Bananas"}}, {"pk": 16, "model": "core.groceryitem", "fields": {"price": 0.0, "favorit": false, "unit": 2, "title": "Grapes"}}, {"pk": 17, "model": "core.groceryitem", "fields": {"price": 0.0, "favorit": false, "unit": 2, "title": "Kiwi"}}, {"pk": 18, "model": "core.groceryitem", "fields": {"price": 0.0, "favorit": false, "unit": 2, "title": "Pears"}}, {"pk": 19, "model": "core.groceryitem", "fields": {"price": 0.0, "favorit": false, "unit": 2, "title": "Peaches"}}, {"pk": 20, "model": "core.groceryitem", "fields": {"price": 0.0, "favorit": false, "unit": 2, "title": "Plums"}}, {"pk": 21, "model": "core.groceryitem", "fields": {"price": 0.0, "favorit": false, "unit": 2, "title": "Chicken Breast"}}, {"pk": 22, "model": "core.groceryitem", "fields": {"price": 0.0, "favorit": false, "unit": 2, "title": "Salmon"}}, {"pk": 23, "model": "core.groceryitem", "fields": {"price": 0.0, "favorit": false, "unit": 2, "title": "Shrimp"}}, {"pk": 24, "model": "core.groceryitem", "fields": {"price": 0.0, "favorit": false, "unit": 2, "title": "Bagel"}}, {"pk": 25, "model": "core.groceryitem", "fields": {"price": 0.0, "favorit": false, "unit": 2, "title": "Eggs"}}, {"pk": 26, "model": "core.groceryitem", "fields": {"price": 0.0, "favorit": false, "unit": 2, "title": "Milk"}}, {"pk": 27, "model": "core.groceryitem", "fields": {"price": 0.0, "favorit": false, "unit": 2, "title": "Skim Milk"}}, {"pk": 28, "model": "core.groceryitem", "fields": {"price": 0.0, "favorit": false, "unit": 2, "title": "Coffe"}}, {"pk": 29, "model": "core.groceryitem", "fields": {"price": 0.0, "favorit": false, "unit": 2, "title": "Wine"}}, {"pk": 30, "model": "core.groceryitem", "fields": {"price": 0.0, "favorit": false, "unit": 2, "title": "Salt"}}, {"pk": 31, "model": "core.groceryitem", "fields": {"price": 0.0, "favorit": false, "unit": 2, "title": "Vinegar"}}, {"pk": 32, "model": "core.groceryitem", "fields": {"price": 0.0, "favorit": false, "unit": 2, "title": "Soy Souce"}}, {"pk": 33, "model": "core.groceryitem", "fields": {"price": 0.0, "favorit": false, "unit": 2, "title": "Mustart"}}, {"pk": 34, "model": "core.groceryitem", "fields": {"price": 0.0, "favorit": false, "unit": 2, "title": "Honey"}}, {"pk": 35, "model": "core.groceryitem", "fields": {"price": 0.0, "favorit": false, "unit": 2, "title": "Tuna"}}, {"pk": 36, "model": "core.groceryitem", "fields": {"price": 0.0, "favorit": false, "unit": 2, "title": "Sliced Turkey"}}, {"pk": 37, "model": "core.groceryitem", "fields": {"price": 0.0, "favorit": false, "unit": 2, "title": "Black Tea"}}, {"pk": 1, "model": "core.list", "fields": {"crated": "2014-09-01T16:26:19.355Z", "archived": true}}, {"pk": 2, "model": "core.list", "fields": {"crated": "2014-09-01T16:39:27.103Z", "archived": false}}, {"pk": 1, "model": "core.listitem", "fields": {"items": 1, "grocery": 1, "root_list": 1, "purchased": false}}, {"pk": 2, "model": "core.listitem", "fields": {"items": 1, "grocery": 2, "root_list": 1, "purchased": false}}, {"pk": 3, "model": "core.listitem", "fields": {"items": 1, "grocery": 3, "root_list": 1, "purchased": false}}, {"pk": 4, "model": "core.listitem", "fields": {"items": 1, "grocery": 4, "root_list": 1, "purchased": false}}, {"pk": 5, "model": "core.listitem", "fields": {"items": 1, "grocery": 5, "root_list": 1, "purchased": false}}, {"pk": 6, "model": "core.listitem", "fields": {"items": 1, "grocery": 6, "root_list": 1, "purchased": false}}, {"pk": 7, "model": "core.listitem", "fields": {"items": 1, "grocery": 7, "root_list": 1, "purchased": false}}, {"pk": 8, "model": "core.listitem", "fields": {"items": 1, "grocery": 8, "root_list": 1, "purchased": false}}, {"pk": 9, "model": "core.listitem", "fields": {"items": 1, "grocery": 9, "root_list": 1, "purchased": false}}, {"pk": 10, "model": "core.listitem", "fields": {"items": 1, "grocery": 10, "root_list": 1, "purchased": false}}, {"pk": 11, "model": "core.listitem", "fields": {"items": 1, "grocery": 11, "root_list": 1, "purchased": false}}, {"pk": 12, "model": "core.listitem", "fields": {"items": 1, "grocery": 12, "root_list": 1, "purchased": false}}, {"pk": 13, "model": "core.listitem", "fields": {"items": 1, "grocery": 13, "root_list": 1, "purchased": false}}, {"pk": 14, "model": "core.listitem", "fields": {"items": 1, "grocery": 14, "root_list": 1, "purchased": false}}, {"pk": 15, "model": "core.listitem", "fields": {"items": 1, "grocery": 15, "root_list": 1, "purchased": false}}, {"pk": 16, "model": "core.listitem", "fields": {"items": 1, "grocery": 16, "root_list": 1, "purchased": false}}, {"pk": 17, "model": "core.listitem", "fields": {"items": 1, "grocery": 17, "root_list": 1, "purchased": false}}, {"pk": 18, "model": "core.listitem", "fields": {"items": 1, "grocery": 18, "root_list": 1, "purchased": false}}, {"pk": 19, "model": "core.listitem", "fields": {"items": 1, "grocery": 19, "root_list": 1, "purchased": false}}, {"pk": 20, "model": "core.listitem", "fields": {"items": 1, "grocery": 20, "root_list": 1, "purchased": false}}, {"pk": 21, "model": "core.listitem", "fields": {"items": 1, "grocery": 21, "root_list": 1, "purchased": false}}, {"pk": 22, "model": "core.listitem", "fields": {"items": 1, "grocery": 22, "root_list": 1, "purchased": false}}, {"pk": 23, "model": "core.listitem", "fields": {"items": 1, "grocery": 23, "root_list": 1, "purchased": false}}, {"pk": 24, "model": "core.listitem", "fields": {"items": 1, "grocery": 24, "root_list": 1, "purchased": false}}, {"pk": 25, "model": "core.listitem", "fields": {"items": 1, "grocery": 25, "root_list": 1, "purchased": false}}, {"pk": 26, "model": "core.listitem", "fields": {"items": 1, "grocery": 26, "root_list": 1, "purchased": false}}, {"pk": 27, "model": "core.listitem", "fields": {"items": 1, "grocery": 27, "root_list": 1, "purchased": false}}, {"pk": 28, "model": "core.listitem", "fields": {"items": 1, "grocery": 28, "root_list": 1, "purchased": false}}, {"pk": 29, "model": "core.listitem", "fields": {"items": 1, "grocery": 29, "root_list": 1, "purchased": false}}, {"pk": 30, "model": "core.listitem", "fields": {"items": 1, "grocery": 30, "root_list": 1, "purchased": false}}, {"pk": 31, "model": "core.listitem", "fields": {"items": 1, "grocery": 31, "root_list": 1, "purchased": false}}, {"pk": 32, "model": "core.listitem", "fields": {"items": 1, "grocery": 32, "root_list": 1, "purchased": false}}, {"pk": 33, "model": "core.listitem", "fields": {"items": 1, "grocery": 33, "root_list": 1, "purchased": false}}, {"pk": 34, "model": "core.listitem", "fields": {"items": 1, "grocery": 34, "root_list": 1, "purchased": false}}, {"pk": 35, "model": "core.listitem", "fields": {"items": 1, "grocery": 35, "root_list": 1, "purchased": false}}, {"pk": 36, "model": "core.listitem", "fields": {"items": 1, "grocery": 36, "root_list": 1, "purchased": false}}, {"pk": 37, "model": "core.listitem", "fields": {"items": 1, "grocery": 37, "root_list": 1, "purchased": false}}, {"pk": 38, "model": "core.listitem", "fields": {"items": 1, "grocery": 1, "root_list": 2, "purchased": true}}, {"pk": 39, "model": "core.listitem", "fields": {"items": 1, "grocery": 3, "root_list": 2, "purchased": false}}, {"pk": 40, "model": "core.listitem", "fields": {"items": 1, "grocery": 28, "root_list": 2, "purchased": false}}, {"pk": 1, "model": "auth.permission", "fields": {"codename": "add_permission", "name": "Can add permission", "content_type": 1}}, {"pk": 2, "model": "auth.permission", "fields": {"codename": "change_permission", "name": "Can change permission", "content_type": 1}}, {"pk": 3, "model": "auth.permission", "fields": {"codename": "delete_permission", "name": "Can delete permission", "content_type": 1}}, {"pk": 4, "model": "auth.permission", "fields": {"codename": "add_group", "name": "Can add group", "content_type": 2}}, {"pk": 5, "model": "auth.permission", "fields": {"codename": "change_group", "name": "Can change group", "content_type": 2}}, {"pk": 6, "model": "auth.permission", "fields": {"codename": "delete_group", "name": "Can delete group", "content_type": 2}}, {"pk": 7, "model": "auth.permission", "fields": {"codename": "add_user", "name": "Can add user", "content_type": 3}}, {"pk": 8, "model": "auth.permission", "fields": {"codename": "change_user", "name": "Can change user", "content_type": 3}}, {"pk": 9, "model": "auth.permission", "fields": {"codename": "delete_user", "name": "Can delete user", "content_type": 3}}, {"pk": 10, "model": "auth.permission", "fields": {"codename": "add_contenttype", "name": "Can add content type", "content_type": 4}}, {"pk": 11, "model": "auth.permission", "fields": {"codename": "change_contenttype", "name": "Can change content type", "content_type": 4}}, {"pk": 12, "model": "auth.permission", "fields": {"codename": "delete_contenttype", "name": "Can delete content type", "content_type": 4}}, {"pk": 13, "model": "auth.permission", "fields": {"codename": "add_session", "name": "Can add session", "content_type": 5}}, {"pk": 14, "model": "auth.permission", "fields": {"codename": "change_session", "name": "Can change session", "content_type": 5}}, {"pk": 15, "model": "auth.permission", "fields": {"codename": "delete_session", "name": "Can delete session", "content_type": 5}}, {"pk": 16, "model": "auth.permission", "fields": {"codename": "add_site", "name": "Can add site", "content_type": 6}}, {"pk": 17, "model": "auth.permission", "fields": {"codename": "change_site", "name": "Can change site", "content_type": 6}}, {"pk": 18, "model": "auth.permission", "fields": {"codename": "delete_site", "name": "Can delete site", "content_type": 6}}, {"pk": 19, "model": "auth.permission", "fields": {"codename": "add_migrationhistory", "name": "Can add migration history", "content_type": 7}}, {"pk": 20, "model": "auth.permission", "fields": {"codename": "change_migrationhistory", "name": "Can change migration history", "content_type": 7}}, {"pk": 21, "model": "auth.permission", "fields": {"codename": "delete_migrationhistory", "name": "Can delete migration history", "content_type": 7}}, {"pk": 22, "model": "auth.permission", "fields": {"codename": "add_logentry", "name": "Can add log entry", "content_type": 8}}, {"pk": 23, "model": "auth.permission", "fields": {"codename": "change_logentry", "name": "Can change log entry", "content_type": 8}}, {"pk": 24, "model": "auth.permission", "fields": {"codename": "delete_logentry", "name": "Can delete log entry", "content_type": 8}}, {"pk": 25, "model": "auth.permission", "fields": {"codename": "add_groceryitem", "name": "Can add grocery item", "content_type": 9}}, {"pk": 26, "model": "auth.permission", "fields": {"codename": "change_groceryitem", "name": "Can change grocery item", "content_type": 9}}, {"pk": 27, "model": "auth.permission", "fields": {"codename": "delete_groceryitem", "name": "Can delete grocery item", "content_type": 9}}, {"pk": 28, "model": "auth.permission", "fields": {"codename": "add_list", "name": "Can add list", "content_type": 10}}, {"pk": 29, "model": "auth.permission", "fields": {"codename": "change_list", "name": "Can change list", "content_type": 10}}, {"pk": 30, "model": "auth.permission", "fields": {"codename": "delete_list", "name": "Can delete list", "content_type": 10}}, {"pk": 31, "model": "auth.permission", "fields": {"codename": "add_listitem", "name": "Can add list item", "content_type": 11}}, {"pk": 32, "model": "auth.permission", "fields": {"codename": "change_listitem", "name": "Can change list item", "content_type": 11}}, {"pk": 33, "model": "auth.permission", "fields": {"codename": "delete_listitem", "name": "Can delete list item", "content_type": 11}}]